<eml xmlns:eml="eml://ecoinformatics.org/eml-2.1.1" xmlns:dc="http://purl.org/dc/terms/" xmlns:xsi="http://www.w3.org/2001/XMLSchema-instance" xsi:schemaLocation="eml://ecoinformatics.org/eml-2.1.1 http://rs.gbif.org/schema/eml-gbif-profile/1.0.2/eml.xsd" packageId="null/v0" system="http://gbif.org" scope="system" xml:lang="en">
  <dataset>
    <alternateIdentifier>http://104.198.143.165/files/WFO_Backbone/WFO_Consortium/OrdersAndFamilies.zip</alternateIdentifier>
    <title xml:lang="en">World Flora Online consortium</title>
    <creator>
      <individualName>
        <givenName>WFO Taxonomic</givenName>
        <surName>Working Group</surName>
      </individualName>
      <organizationName>World Flora Online (WFO)</organizationName>
      <electronicMailAddress>taxwg@worldfloraonline.org</electronicMailAddress>
      <onlineUrl>http://www.worldfloraonline.org/organisation/WFO</onlineUrl>
    </creator>
    <metadataProvider>
      <individualName>
        <givenName>William</givenName>
        <surName>Ulate</surName>
      </individualName>
	  <organizationName>Missouri Botanical Garden</organizationName>
      <positionName>WFO Gatekeeper</positionName>
	  <electronicMailAddress>contact@worldfloraonline.org</electronicMailAddress>
      <userId directory="https://orcid.org">https://orcid.org/0000-0003-2863-2491</userId>
      <onlineUrl>https://www.missouribotanicalgarden.org/plant-science/plant-science/it-staff/article/840/ulate-rodriguez-william.aspx</onlineUrl>
	</metadataProvider>
    <pubDate>2021-12-09</pubDate>
    <language>en</language>
    <abstract><para>The initial data ingestion into the World Flora Online taxonomic backbone was from The Plant List Version 1.1 (<ulink url="http://theplantlist.org"><citetitle>TPL</citetitle></ulink>, September 2013), with the full list of contributing datasets given <ulink url="http://theplantlist.org/1.1/about/#collaborators"><citetitle>here</citetitle></ulink>. New taxonomic names have been incorporated into WFO from nomenclators: International Plant Name Index (<ulink url="https://www.ipni.org"><citetitle>IPNI</citetitle></ulink>) for vascular plants, and Tropicos (<ulink url="https://www.tropicos.org"><citetitle>Tropicos</citetitle></ulink>) for bryophytes. Taxonomic and nomenclatural updates have been incorporated from the World Checklist of Vascular Plants version 2.0 (<ulink url="http://wcvp.science.kew.org"><citetitle>WCVP</citetitle></ulink>), facilitated by the Royal Botanic Gardens, Kew.  The higher taxonomy of the backbone has since been curated, based on the following published community derived classifications: APG IV: The Angiosperm Phylogeny Group (APG IV 2016), PPG I: The Pteridophyte Phylogeny Group (PPG I 2016), Bryophytes - Goffinet, B., W.R Buck and A.J. Shaw (Buck et al. 2008), Hornworts and Liverworts - Söderström, L. et al. (Söderström et al. 2016). New taxonomic names have been incorporated into WFO from nomenclators: International Plant Name Index IPNI (https://www.ipni.org) for vascular plants, and Tropicos (https://www.tropicos.org) for bryophytes. Taxonomic and nomenclatural updates have been incorporated from the World Checklist of Vascular Plants version 2.0 WCVP (http://wcvp.science.kew.org), facilitated by the Royal Botanic Gardens, Kew.</para></abstract>
    <intellectualRights>
      <para>This work is licensed under a <ulink url="https://creativecommons.org/publicdomain/zero/1.0"><citetile> CC0 1.0 Universal (CC0) License.</citetitle></ulink>.</para>
    </intellectualRights>
    <contact>
       <individualName>
          <givenName>Alan</givenName>
          <surName>Elliott</surName>
       </individualName>
       <positionName>TEN Manager</positionName>
       <organizationName>Royal Botanical Gardens Edinburgh</organizationName>
       <address><deliveryPoint>Edinburgh, Scotland, UK</deliveryPoint></address> 
       <userId><directory>https://orcid.org/0000-0002-8677-5688</directory></userId>
       <electronicMailAddress>aelliott@rbge.org.uk</electronicMailAddress>
       <onlineUrl>https://stories.rbge.org.uk/archives/author/aelliott</onlineUrl>
    </contact>
  </dataset>
  <additionalMetadata>
    <metadata>
      <gbif>
        <dateStamp>2021-12-09T03:48:00-05:00</dateStamp>
        <hierarchyLevel>dataset</hierarchyLevel>
        <citation identifier="World Flora">World Flora Online Data. 2021.</citation>
        <resourceLogoUrl>http://about.worldfloraonline.org/images/wfo_logo.png</resourceLogoUrl>
      </gbif>
    </metadata>
  </additionalMetadata>
</eml>