ARTID;PHASE;BEGINN;ENDE;DAUER
1;0;5;6;2
2;0;8;10;3
3;0;5;6;2
4;0;4;5;2
5;0;4;4;1
6;0;3;4;2
7;0;4;5;2
8;0;5;5;1
9;0;5;6;2
10;0;7;9;3
11;0;7;9;3
12;0;6;11;6
13;0;5;10;6
14;0;7;9;3
15;0;6;10;5
16;0;6;10;5
17;0;6;8;3
18;0;5;11;7
19;0;7;9;3
20;0;5;10;6
21;0;7;9;3
22;0;5;6;2
23;0;6;9;4
24;0;7;9;3
25;0;6;9;4
26;0;6;8;3
27;0;7;9;3
28;0;7;9;3
29;0;8;10;3
30;0;8;10;3
31;0;7;9;3
32;0;6;8;3
36;0;9;10;2
37;0;6;7;2
38;0;7;9;3
39;0;5;6;2
40;0;7;9;3
41;0;7;8;2
42;0;7;8;2
43;0;5;7;3
44;0;6;9;4
45;0;5;7;3
46;0;4;5;2
47;0;3;5;3
48;0;6;7;2
49;0;5;6;2
50;0;4;6;3
51;0;6;9;4
52;0;6;9;4
53;0;6;8;3
54;0;6;7;2
55;0;7;8;2
56;0;7;9;3
57;0;6;8;3
58;0;6;7;2
59;0;6;7;2
60;0;6;7;2
61;0;7;8;2
62;0;6;7;2
63;0;7;9;3
64;0;6;7;2
65;0;6;9;4
67;0;7;7;1
68;0;6;7;2
69;0;5;8;4
70;0;5;6;2
71;0;5;9;5
72;0;4;6;3
73;0;5;8;4
74;0;5;8;4
75;0;6;10;5
76;0;6;10;5
77;0;6;10;5
78;0;6;10;5
79;0;6;10;5
81;0;6;10;5
82;0;6;10;5
83;0;5;10;6
85;0;5;10;6
86;0;6;10;5
87;0;5;10;6
88;0;6;10;5
89;0;6;10;5
90;0;5;10;6
92;0;6;10;5
93;0;6;10;5
94;0;5;10;6
95;0;5;10;6
96;0;6;10;5
98;0;6;10;5
100;0;6;10;5
101;0;6;10;5
102;0;6;10;5
105;0;6;10;5
106;0;5;10;6
107;0;6;8;3
108;0;5;10;6
110;0;6;10;5
111;0;6;8;3
112;0;6;10;5
113;0;5;10;6
114;0;5;10;6
115;0;5;10;6
116;0;6;10;5
118;0;6;10;5
119;0;6;10;5
120;0;5;10;6
121;0;5;10;6
122;0;5;10;6
123;0;5;10;6
124;0;6;10;5
126;0;6;10;5
127;0;6;10;5
128;0;6;8;3
129;0;5;10;6
130;0;7;8;2
131;0;7;8;2
132;0;6;7;2
133;0;7;8;2
134;0;4;6;3
135;0;7;8;2
136;0;6;6;1
137;0;6;7;2
138;0;6;8;3
139;0;7;8;2
140;0;6;8;3
141;0;6;8;3
142;0;6;8;3
143;0;6;8;3
144;0;5;6;2
145;0;7;8;2
146;0;4;5;2
147;0;6;8;3
148;0;6;8;3
149;0;7;8;2
150;0;6;8;3
151;0;6;7;2
152;0;7;8;2
153;0;6;7;2
154;0;7;9;3
155;0;5;6;2
156;0;7;8;2
157;0;6;8;3
158;0;3;4;2
159;0;2;4;3
160;0;4;6;3
161;0;5;10;6
162;0;5;6;2
163;0;5;7;3
164;0;5;10;6
165;0;5;10;6
166;0;5;6;2
167;0;5;6;2
168;0;7;8;2
169;0;7;9;3
170;0;4;9;6
171;0;3;5;3
172;0;5;6;2
173;0;4;5;2
174;0;7;10;4
175;0;7;9;3
176;0;6;10;5
177;0;6;10;5
178;0;7;9;3
179;0;7;9;3
180;0;7;10;4
181;0;6;10;5
182;0;7;10;4
183;0;7;9;3
184;0;7;9;3
185;0;7;10;4
186;0;7;9;3
187;0;7;9;3
188;0;7;10;4
189;0;8;10;3
190;0;8;10;3
191;0;8;10;3
192;0;4;5;2
193;0;4;5;2
194;0;4;5;2
195;0;4;5;2
196;0;6;9;4
197;0;6;7;2
198;0;6;9;4
199;0;6;7;2
200;0;6;10;5
201;0;6;9;4
202;0;7;8;2
203;0;7;9;3
204;0;6;8;3
205;0;5;9;5
206;0;5;9;5
207;0;5;8;4
208;0;5;8;4
209;0;6;7;2
210;0;4;5;2
211;0;7;8;2
212;0;5;7;3
213;0;6;7;2
214;0;4;5;2
215;0;6;7;2
216;0;4;6;3
217;0;5;7;3
218;0;3;5;3
219;0;4;5;2
220;0;4;6;3
221;0;3;5;3
222;0;7;9;3
223;0;6;8;3
224;0;7;8;2
225;0;7;9;3
226;0;6;8;3
227;0;5;6;2
228;0;5;10;6
229;0;7;9;3
230;0;6;10;5
231;0;5;8;4
232;0;6;9;4
233;0;5;6;2
234;0;6;8;3
235;0;5;7;3
236;0;5;7;3
237;0;5;6;2
238;0;5;6;2
239;0;5;8;4
240;0;6;8;3
241;0;5;8;4
242;0;5;8;4
243;0;6;9;4
244;0;6;7;2
245;0;6;7;2
246;0;5;9;5
247;0;5;9;5
248;0;7;9;3
249;0;6;7;2
250;0;7;9;3
251;0;7;9;3
252;0;6;8;3
253;0;6;7;2
254;0;6;7;2
255;0;5;7;3
256;0;5;6;2
257;0;4;5;2
258;0;3;10;8
259;0;4;5;2
260;0;6;8;3
261;0;7;8;2
262;0;3;4;2
263;0;5;7;3
264;0;5;7;3
265;0;5;7;3
266;0;5;7;3
267;0;5;7;3
268;0;5;7;3
269;0;5;7;3
270;0;5;8;4
271;0;4;6;3
272;0;7;8;2
273;0;7;9;3
274;0;8;9;2
275;0;7;9;3
276;0;3;7;5
277;0;5;6;2
278;0;5;6;2
279;0;7;9;3
280;0;7;8;2
281;0;5;9;5
282;0;5;9;5
283;0;5;6;2
284;0;3;4;2
285;0;6;7;2
286;0;5;11;7
287;0;5;7;3
288;0;6;7;2
289;0;6;9;4
290;0;5;6;2
291;2;6;10;5
292;0;7;10;4
293;0;7;9;3
294;0;8;10;3
295;0;7;9;3
296;0;7;9;3
297;0;8;10;3
298;0;8;9;2
299;0;8;10;3
300;0;9;10;2
301;0;8;10;3
302;0;9;10;2
303;0;8;10;3
304;0;8;9;2
305;0;8;9;2
306;0;7;9;3
307;0;9;11;3
308;0;7;11;5
309;0;4;6;3
310;0;6;7;2
311;0;7;9;3
312;0;3;5;3
313;0;8;10;3
314;0;5;7;3
315;0;5;8;4
316;0;5;6;2
317;0;6;9;4
318;0;6;9;4
319;0;6;8;3
320;0;7;8;2
321;0;7;8;2
322;0;4;7;4
323;0;7;8;2
324;0;7;9;3
325;0;7;9;3
326;0;6;9;4
327;0;7;9;3
328;0;7;8;2
329;0;7;8;2
330;0;7;8;2
331;0;7;8;2
332;0;7;9;3
334;0;6;8;3
335;0;7;9;3
336;0;4;9;6
337;0;9;10;2
338;0;8;10;3
339;0;8;9;2
341;0;9;11;3
342;0;9;10;2
343;0;8;10;3
344;0;7;9;3
345;0;8;10;3
346;0;9;10;2
347;0;6;8;3
348;0;6;7;2
349;0;5;6;2
350;0;6;8;3
351;0;5;6;2
352;0;5;5;1
353;0;7;8;2
354;0;6;7;2
355;0;6;7;2
356;0;7;8;2
357;0;6;8;3
358;0;6;8;3
359;0;5;8;4
360;0;7;8;2
361;0;7;8;2
363;0;6;9;4
364;0;6;9;4
365;0;7;9;3
366;0;7;9;3
367;0;7;9;3
368;0;5;6;2
369;0;7;9;3
370;0;7;9;3
371;0;7;10;4
372;0;7;9;3
373;0;7;9;3
374;0;7;9;3
375;0;7;9;3
377;0;6;8;3
378;0;6;8;3
379;0;6;8;3
380;0;6;8;3
381;0;6;8;3
382;0;6;8;3
383;0;5;6;2
384;0;5;6;2
385;0;7;8;2
386;0;8;10;3
387;0;8;10;3
388;0;4;5;2
389;0;5;6;2
390;0;7;10;4
391;0;6;9;4
392;0;4;5;2
393;0;4;6;3
394;0;4;6;3
395;0;5;7;3
396;0;6;8;3
397;0;8;9;2
398;0;6;9;4
399;2;1;11;11
400;0;4;6;3
401;0;6;10;5
402;0;7;9;3
403;0;7;9;3
404;0;6;9;4
405;0;7;8;2
406;0;4;5;2
407;0;4;6;3
408;0;4;5;2
409;0;4;5;2
411;0;8;10;3
412;0;8;10;3
413;0;8;9;2
414;0;8;10;3
415;0;7;10;4
416;0;5;8;4
417;0;5;7;3
418;0;8;10;3
419;0;6;8;3
420;0;7;9;3
421;0;6;7;2
422;0;5;7;3
423;0;6;8;3
425;0;7;10;4
426;0;6;7;2
427;0;7;9;3
428;0;5;8;4
429;0;6;7;2
430;0;7;9;3
431;0;5;6;2
432;0;6;9;4
433;0;6;7;2
434;0;6;7;2
435;0;7;8;2
436;0;6;9;4
437;0;6;9;4
438;0;4;9;6
439;0;6;9;4
440;0;5;9;5
441;0;4;9;6
442;0;5;6;2
443;0;5;7;3
444;0;6;7;2
445;0;6;7;2
446;0;6;11;6
447;0;6;9;4
448;0;6;6;1
449;0;5;10;6
450;0;6;7;2
451;0;5;8;4
452;0;6;7;2
453;0;5;6;2
454;0;6;8;3
455;0;5;7;3
456;0;6;6;1
457;0;7;8;2
458;0;6;7;2
459;0;5;6;2
460;0;5;6;2
461;0;5;6;2
462;0;5;7;3
464;0;6;7;2
465;0;6;9;4
466;0;7;8;2
467;0;4;7;4
468;0;4;6;3
469;0;5;7;3
470;0;5;8;4
471;0;6;7;2
472;0;6;9;4
473;0;7;9;3
474;0;7;8;2
475;0;7;8;2
476;0;7;8;2
477;0;6;7;2
478;0;8;9;2
479;0;6;8;3
480;0;3;4;2
481;0;7;10;4
482;0;6;7;2
483;0;7;8;2
484;0;7;8;2
485;0;7;8;2
486;0;6;7;2
487;0;6;7;2
488;0;7;8;2
489;0;7;8;2
490;0;7;8;2
491;0;7;9;3
492;0;7;9;3
493;0;7;9;3
494;0;7;9;3
495;0;6;10;5
496;0;6;10;5
497;0;5;6;2
498;0;5;9;5
499;0;7;10;4
500;0;5;10;6
501;0;5;10;6
502;0;4;6;3
503;0;6;9;4
504;0;4;10;7
505;0;4;10;7
506;0;5;10;6
507;0;5;10;6
508;0;8;10;3
509;0;4;6;3
510;0;6;8;3
511;0;6;9;4
512;0;6;9;4
513;0;6;9;4
514;0;7;8;2
515;0;5;8;4
516;0;5;7;3
517;0;5;8;4
518;0;7;8;2
519;0;7;8;2
520;0;6;8;3
521;0;7;8;2
522;0;7;8;2
523;0;6;8;3
524;0;6;9;4
525;0;6;9;4
526;0;6;7;2
527;0;6;9;4
528;0;5;7;3
529;0;6;9;4
530;0;6;9;4
531;0;6;8;3
532;0;6;8;3
533;0;6;10;5
534;0;7;8;2
535;0;6;6;1
536;0;7;8;2
537;0;7;8;2
538;0;7;8;2
539;2;1;12;12
540;0;5;5;1
541;0;7;8;2
542;0;4;6;3
543;0;4;6;3
544;2;4;10;7
545;0;3;6;4
546;0;5;7;3
547;0;5;7;3
548;0;4;6;3
549;0;5;8;4
550;0;4;6;3
551;0;4;6;3
552;0;4;8;5
553;0;4;6;3
554;0;5;7;3
555;0;5;7;3
556;0;6;9;4
557;0;7;9;3
558;0;6;9;4
559;0;7;9;3
560;0;7;8;2
561;0;5;6;2
562;0;6;7;2
563;0;5;6;2
564;0;5;6;2
565;0;6;7;2
566;0;5;10;6
567;0;5;6;2
568;0;6;8;3
569;0;6;7;2
570;0;6;7;2
571;0;5;6;2
572;0;6;9;4
573;0;6;8;3
574;0;5;6;2
575;0;7;7;1
576;0;5;5;1
577;0;5;6;2
578;0;5;6;2
579;0;5;7;3
580;0;5;6;2
581;0;4;5;2
582;0;5;6;2
583;0;5;6;2
584;0;5;6;2
585;0;5;6;2
586;0;5;6;2
587;0;5;7;3
588;0;4;5;2
589;0;5;6;2
590;0;5;5;1
591;0;5;6;2
592;0;6;7;2
593;0;5;6;2
594;0;5;8;4
595;0;5;6;2
596;0;4;5;2
597;0;5;6;2
598;0;4;5;2
599;0;7;8;2
600;0;6;9;4
601;0;6;8;3
602;0;5;7;3
603;0;5;9;5
604;0;6;8;3
605;0;6;8;3
606;0;5;6;2
607;0;4;5;2
608;0;5;6;2
609;0;5;6;2
610;0;5;6;2
611;0;6;6;1
612;0;6;7;2
613;0;4;5;2
614;0;4;5;2
615;0;6;7;2
616;0;6;7;2
617;0;4;5;2
618;0;6;7;2
620;0;5;6;2
621;0;4;5;2
622;0;5;7;3
623;0;3;5;3
624;0;5;8;4
625;0;5;7;3
626;0;5;6;2
627;0;4;5;2
628;0;5;5;1
629;0;7;8;2
630;0;5;7;3
631;0;6;7;2
632;0;5;7;3
633;0;5;7;3
634;0;5;6;2
635;0;5;6;2
636;0;7;8;2
637;0;5;7;3
638;0;6;8;3
639;0;6;6;1
640;0;5;6;2
641;0;5;6;2
642;0;4;6;3
643;0;4;6;3
644;0;6;7;2
645;0;5;6;2
646;0;5;7;3
647;0;5;6;2
648;0;6;7;2
649;0;6;7;2
650;0;6;6;1
651;0;6;7;2
652;0;6;6;1
653;0;6;8;3
654;0;5;6;2
655;0;6;7;2
656;0;4;5;2
657;0;6;7;2
658;0;5;6;2
659;0;6;7;2
660;0;5;6;2
661;0;6;7;2
662;0;6;6;1
663;0;5;9;5
664;0;5;7;3
665;0;5;6;2
670;0;5;5;1
673;0;7;9;3
674;0;7;9;3
675;0;6;9;4
676;0;7;9;3
677;0;7;9;3
678;0;4;5;2
679;0;7;8;2
680;0;5;7;3
681;0;7;8;2
682;0;6;6;1
683;0;6;9;4
684;0;5;9;5
685;0;5;7;3
686;0;7;9;3
687;0;7;8;2
688;0;6;10;5
689;0;7;8;2
690;0;6;11;6
692;0;5;10;6
693;0;7;9;3
694;0;7;9;3
695;0;8;9;2
696;0;8;9;2
697;0;7;8;2
698;0;7;9;3
699;0;8;9;2
700;0;7;9;3
701;0;5;7;3
702;0;7;8;2
703;0;7;8;2
704;0;7;9;3
705;0;7;9;3
706;0;7;9;3
707;0;5;7;3
708;0;5;9;5
709;0;5;6;2
710;0;5;6;2
711;0;6;7;2
712;0;7;8;2
713;0;4;7;4
714;0;4;6;3
715;0;7;8;2
716;0;3;6;4
717;0;4;6;3
718;0;4;6;3
719;0;3;9;7
720;0;3;5;3
721;0;3;6;4
722;0;7;8;2
723;0;4;6;3
724;0;3;5;3
725;0;3;5;3
727;0;4;6;3
728;0;5;7;3
729;0;7;8;2
730;0;4;5;2
731;0;4;5;2
732;0;4;5;2
733;0;4;5;2
734;0;4;5;2
735;0;6;9;4
736;0;3;5;3
737;0;3;5;3
738;0;6;9;4
739;0;6;8;3
740;0;5;7;3
741;0;5;7;3
742;0;6;8;3
743;0;5;6;2
744;0;7;8;2
745;0;6;7;2
746;0;6;8;3
747;0;5;6;2
748;0;5;7;3
749;0;5;6;2
750;0;4;6;3
751;0;7;10;4
752;0;7;8;2
753;2;4;10;7
754;2;4;10;7
755;0;7;10;4
756;0;6;9;4
757;0;6;9;4
758;0;6;9;4
759;0;8;10;3
760;0;7;8;2
761;0;6;8;3
762;0;6;9;4
763;0;6;8;3
764;0;7;10;4
765;0;6;9;4
766;0;6;9;4
767;0;7;9;3
768;0;7;9;3
769;0;7;9;3
770;0;8;10;3
771;0;9;10;2
772;0;6;9;4
773;0;7;9;3
774;0;7;9;3
775;0;8;10;3
776;0;6;8;3
777;0;7;8;2
778;0;6;9;4
779;0;6;8;3
780;0;4;5;2
781;0;4;5;2
782;0;4;5;2
783;0;7;8;2
784;0;7;9;3
785;0;7;10;4
786;0;4;6;3
787;0;4;6;3
788;0;7;10;4
789;0;7;9;3
790;0;7;8;2
791;0;7;8;2
792;0;7;9;3
793;0;7;10;4
794;0;7;9;3
795;0;6;8;3
796;0;6;8;3
797;0;6;8;3
798;0;7;9;3
799;0;7;9;3
800;0;7;8;2
801;0;6;7;2
802;0;7;9;3
803;0;7;8;2
804;0;6;9;4
805;0;7;9;3
806;0;5;6;2
807;0;7;8;2
808;0;7;8;2
809;0;6;9;4
811;0;6;7;2
812;0;4;6;3
813;0;5;7;3
814;0;5;7;3
815;0;6;7;2
816;0;6;8;3
817;0;7;9;3
818;0;6;8;3
819;0;8;9;2
821;0;5;7;3
822;0;4;6;3
823;0;5;6;2
824;0;5;6;2
825;0;4;6;3
826;0;5;6;2
827;0;6;10;5
828;0;8;11;4
829;0;5;10;6
830;0;6;7;2
831;0;6;8;3
832;0;6;9;4
833;0;5;6;2
834;0;5;7;3
835;0;6;8;3
836;0;6;8;3
837;0;5;8;4
838;0;5;6;2
839;0;6;9;4
840;0;8;10;3
841;0;7;10;4
842;0;7;10;4
843;0;5;7;3
844;0;6;7;2
845;0;7;9;3
846;0;7;9;3
847;0;6;7;2
848;0;2;4;3
849;0;5;6;2
850;0;6;7;2
851;0;5;5;1
852;0;5;7;3
853;0;5;7;3
854;0;5;7;3
855;0;6;8;3
856;0;6;8;3
857;0;5;8;4
858;0;7;10;4
859;0;7;8;2
860;0;3;5;3
861;0;3;4;2
862;0;3;4;2
863;0;4;5;2
864;0;2;4;3
865;0;6;7;2
866;0;8;10;3
867;0;6;7;2
868;0;5;6;2
869;0;5;6;2
870;0;5;6;2
871;0;5;6;2
872;0;5;6;2
873;0;5;5;1
874;0;4;5;2
875;0;5;6;2
876;0;6;6;1
877;0;4;5;2
878;0;7;8;2
879;0;5;7;3
880;0;7;9;3
881;0;8;9;2
882;0;5;9;5
883;0;5;5;1
884;0;5;6;2
885;0;5;6;2
886;0;5;6;2
887;0;5;6;2
888;0;5;6;2
889;0;6;8;3
890;0;6;8;3
891;0;5;8;4
892;0;6;8;3
893;2;6;10;5
894;0;7;9;3
895;0;6;8;3
896;0;7;8;2
897;0;6;8;3
898;0;5;6;2
899;0;6;8;3
900;0;5;6;2
901;0;5;7;3
902;0;6;8;3
903;0;6;9;4
904;0;5;6;2
905;0;5;10;6
906;0;7;8;2
907;0;2;4;3
908;0;2;4;3
909;0;4;6;3
910;0;4;6;3
911;0;8;9;2
912;0;7;9;3
913;0;7;9;3
914;0;6;8;3
915;0;7;9;3
916;0;6;8;3
917;0;8;9;2
918;0;7;9;3
919;0;6;9;4
920;0;8;9;2
921;0;7;9;3
922;0;7;9;3
923;0;5;6;2
924;0;6;9;4
925;0;7;9;3
926;0;5;7;3
927;0;5;7;3
928;0;6;7;2
929;0;5;5;1
930;0;6;8;3
931;0;7;9;3
932;0;7;10;4
933;0;6;9;4
934;0;7;9;3
935;0;5;6;2
936;0;7;9;3
937;0;6;9;4
938;0;7;9;3
939;0;7;8;2
940;0;7;9;3
941;0;5;7;3
942;0;5;7;3
943;0;6;7;2
944;0;6;7;2
945;0;6;7;2
946;0;5;7;3
947;0;6;7;2
948;0;5;8;4
949;0;5;6;2
950;0;6;8;3
952;0;6;6;1
953;0;6;6;1
954;0;4;6;3
955;0;6;7;2
956;0;7;8;2
961;0;5;6;2
962;0;6;7;2
963;0;5;8;4
964;0;2;4;3
965;0;3;4;2
966;0;5;7;3
967;0;6;10;5
968;0;6;9;4
969;0;6;7;2
970;0;5;6;2
971;0;4;6;3
972;0;4;5;2
973;0;4;6;3
974;0;6;7;2
975;0;7;8;2
976;0;6;7;2
977;0;7;8;2
978;0;5;6;2
979;0;5;9;5
980;0;6;9;4
981;0;6;8;3
982;0;6;9;4
983;0;6;9;4
984;0;7;8;2
985;0;6;9;4
986;0;5;6;2
987;0;6;8;3
988;0;6;8;3
989;0;6;9;4
990;0;8;10;3
991;0;7;9;3
992;0;5;6;2
993;0;6;8;3
994;0;6;7;2
995;0;6;8;3
996;0;6;8;3
997;0;7;10;4
998;0;7;10;4
999;0;8;9;2
1000;0;8;9;2
1001;0;8;9;2
1002;0;8;9;2
1003;0;8;9;2
1004;0;8;9;2
1005;0;6;9;4
1006;0;5;10;6
1007;0;6;9;4
1008;0;7;8;2
1009;0;7;8;2
1010;0;7;8;2
1011;0;7;8;2
1012;0;5;8;4
1013;0;7;8;2
1014;0;7;8;2
1015;0;5;6;2
1016;0;7;7;1
1017;0;6;7;2
1018;0;5;7;3
1019;0;4;8;5
1020;0;5;7;3
1021;0;6;8;3
1022;0;5;6;2
1023;0;5;6;2
1024;0;6;7;2
1025;0;5;7;3
1026;0;6;8;3
1027;0;7;8;2
1028;0;7;8;2
1029;0;7;8;2
1030;0;7;8;2
1031;0;7;8;2
1032;0;6;8;3
1033;0;7;9;3
1034;0;7;8;2
1035;0;7;9;3
1036;0;7;9;3
1037;0;7;9;3
1038;0;7;9;3
1039;0;7;9;3
1040;0;7;8;2
1041;0;7;8;2
1044;0;5;10;6
1045;0;7;10;4
1046;0;7;10;4
1047;0;6;8;3
1048;0;7;9;3
1049;0;6;8;3
1050;0;6;8;3
1051;0;5;7;3
1052;0;6;9;4
1053;0;5;6;2
1054;0;5;6;2
1055;0;7;8;2
1056;0;6;8;3
1057;0;6;9;4
1058;0;6;9;4
1059;0;6;10;5
1060;0;5;8;4
1061;0;5;8;4
1062;0;6;7;2
1063;0;7;9;3
1064;0;5;8;4
1065;0;6;9;4
1066;0;5;6;2
1067;0;5;8;4
1068;0;7;9;3
1069;0;6;7;2
1070;0;5;8;4
1071;0;6;9;4
1072;0;7;9;3
1073;0;6;8;3
1075;0;6;8;3
1076;0;6;7;2
1077;0;6;7;2
1078;0;7;8;2
1079;0;6;7;2
1080;0;6;8;3
1081;0;6;8;3
1082;0;6;7;2
1083;0;6;7;2
1084;0;4;5;2
1085;0;4;5;2
1086;0;7;8;2
1087;0;7;8;2
1088;0;7;8;2
1089;0;7;8;2
1091;0;6;9;4
1092;0;6;9;4
1093;0;7;9;3
1094;0;7;9;3
1095;0;6;9;4
1096;0;7;9;3
1097;0;6;8;3
1098;0;6;9;4
1099;0;7;8;2
1100;0;6;9;4
1101;0;7;9;3
1102;0;6;9;4
1103;0;7;9;3
1104;0;7;8;2
1105;0;3;5;3
1106;0;8;9;2
1107;0;6;8;3
1108;0;7;8;2
1109;0;7;8;2
1110;0;7;8;2
1111;0;6;8;3
1112;0;7;7;1
1113;0;6;8;3
1114;0;7;8;2
1115;0;6;8;3
1116;0;7;8;2
1117;0;7;9;3
1118;0;8;9;2
1119;0;7;8;2
1120;0;3;4;2
1121;0;5;6;2
1122;0;6;8;3
1123;0;6;9;4
1124;0;5;6;2
1125;0;5;7;3
1126;0;4;5;2
1127;0;4;5;2
1128;0;4;9;6
1130;0;6;7;2
1133;0;7;8;2
1134;0;6;7;2
1135;0;7;10;4
1137;0;7;8;2
1138;0;7;10;4
1139;0;7;8;2
1140;0;8;10;3
1141;0;2;4;3
1142;0;7;10;4
1143;0;2;6;5
1144;0;6;7;2
1145;0;6;9;4
1146;0;6;9;4
1147;0;7;9;3
1148;0;6;9;4
1149;0;7;9;3
1150;0;7;8;2
1151;0;7;9;3
1152;0;7;8;2
1153;0;7;9;3
1154;0;4;5;2
1155;0;5;6;2
1156;0;4;6;3
1157;0;6;9;4
1158;0;3;4;2
1159;0;6;7;2
1160;0;4;10;7
1161;0;4;10;7
1162;0;4;10;7
1163;0;4;10;7
1164;0;5;6;2
1165;0;3;5;3
1166;0;5;6;2
1167;0;5;10;6
1168;0;5;8;4
1169;0;7;9;3
1170;0;6;8;3
1171;0;7;9;3
1172;0;5;9;5
1173;0;4;7;4
1174;0;6;9;4
1175;0;6;7;2
1176;0;5;7;3
1177;0;5;7;3
1178;0;6;10;5
1179;0;5;6;2
1180;0;5;6;2
1181;0;7;9;3
1182;0;4;5;2
1183;0;6;9;4
1184;0;4;5;2
1185;0;5;5;1
1186;0;5;6;2
1187;0;5;7;3
1188;0;6;10;5
1189;0;6;10;5
1190;0;6;9;4
1191;0;6;9;4
1192;0;6;8;3
1193;0;5;7;3
1194;0;6;10;5
1195;0;7;9;3
1196;0;5;6;2
1197;0;7;10;4
1198;0;7;8;2
1199;0;7;8;2
1200;0;5;6;2
1201;0;6;7;2
1202;0;6;8;3
1203;0;6;9;4
1204;0;6;9;4
1205;0;5;6;2
1206;0;5;6;2
1207;0;5;7;3
1209;0;5;7;3
1210;0;7;10;4
1211;0;5;10;6
1212;0;7;10;4
1213;0;5;10;6
1214;0;5;10;6
1215;0;7;10;4
1216;0;5;10;6
1217;0;7;10;4
1218;0;7;10;4
1219;0;7;9;3
1220;0;4;5;2
1221;0;7;9;3
1222;0;7;10;4
1223;0;7;10;4
1224;0;7;9;3
1225;0;6;7;2
1226;0;6;7;2
1227;0;6;7;2
1228;0;6;6;1
1229;0;6;7;2
1230;0;5;7;3
1231;0;6;7;2
1232;0;4;6;3
1233;0;5;7;3
1234;0;7;8;2
1235;0;5;7;3
1236;0;6;7;2
1237;0;6;7;2
1238;0;6;8;3
1240;0;7;7;1
1241;0;7;8;2
1242;0;5;8;4
1243;0;5;8;4
1244;0;4;6;3
1245;0;6;7;2
1246;0;6;7;2
1247;0;6;7;2
1248;0;7;8;2
1249;0;7;8;2
1250;0;7;8;2
1251;0;6;7;2
1252;0;6;7;2
1253;0;5;7;3
1254;0;6;7;2
1255;0;6;7;2
1256;0;7;9;3
1257;0;6;8;3
1258;0;7;9;3
1259;0;7;9;3
1261;0;7;9;3
1262;0;7;9;3
1263;0;6;8;3
1264;0;6;7;2
1265;0;7;9;3
1266;0;4;5;2
1267;0;5;6;2
1268;0;5;6;2
1269;0;5;6;2
1271;0;5;6;2
1273;0;5;6;2
1274;0;4;5;2
1275;0;4;5;2
1276;0;4;5;2
1277;0;4;5;2
1278;0;6;10;5
1279;0;5;9;5
1280;0;6;9;4
1281;0;5;10;6
1282;0;6;9;4
1283;0;6;9;4
1284;0;6;9;4
1285;0;5;10;6
1286;0;3;4;2
1287;0;6;7;2
1288;0;4;5;2
1289;0;3;4;2
1290;0;3;5;3
1291;0;3;5;3
1292;0;4;5;2
1293;0;3;5;3
1294;0;2;3;2
1295;0;6;8;3
1296;0;4;6;3
1297;0;6;7;2
1298;0;5;7;3
1299;0;5;7;3
1300;0;6;10;5
1301;0;6;10;5
1302;0;6;10;5
1303;0;7;9;3
1304;0;6;8;3
1305;0;6;10;5
1306;0;6;10;5
1307;0;5;10;6
1308;0;5;10;6
1309;0;6;9;4
1310;0;7;9;3
1311;0;6;10;5
1312;0;6;8;3
1313;0;7;8;2
1314;0;5;7;3
1315;0;6;8;3
1316;0;7;8;2
1317;0;5;7;3
1318;0;7;9;3
1319;0;5;6;2
1320;0;5;9;5
1321;0;6;8;3
1322;0;7;9;3
1323;0;6;9;4
1324;0;6;8;3
1325;0;6;9;4
1326;0;5;10;6
1327;0;6;8;3
1328;0;6;8;3
1329;0;7;8;2
1330;0;7;10;4
1331;0;6;8;3
1332;0;6;9;4
1333;0;6;8;3
1334;0;6;7;2
1335;0;6;9;4
1336;0;5;6;2
1337;0;6;9;4
1338;0;6;6;1
1339;0;5;6;2
1340;0;5;6;2
1341;0;5;6;2
1342;0;6;8;3
1343;0;5;6;2
1344;0;6;8;3
1345;0;7;9;3
1346;0;7;8;2
1347;0;4;8;5
1348;0;7;8;2
1349;0;6;8;3
1350;0;7;8;2
1351;0;7;8;2
1352;0;7;8;2
1353;0;7;9;3
1354;0;7;8;2
1355;0;7;8;2
1356;0;5;8;4
1357;0;3;8;6
1358;0;8;10;3
1359;0;5;10;6
1360;0;8;10;3
1361;0;7;10;4
1362;0;5;10;6
1363;0;8;10;3
1364;0;6;10;5
1365;0;6;8;3
1366;0;7;9;3
1367;0;8;10;3
1368;0;6;7;2
1369;0;6;7;2
1370;0;5;8;4
1371;0;6;8;3
1372;0;5;8;4
1373;0;6;8;3
1374;0;5;10;6
1375;0;5;7;3
1376;0;6;9;4
1377;0;5;6;2
1378;0;6;8;3
1379;0;5;9;5
1380;0;5;10;6
1381;0;5;10;6
1383;0;5;10;6
1384;0;6;10;5
1385;0;6;8;3
1386;0;7;8;2
1387;0;5;7;3
1389;0;5;10;6
1390;0;7;8;2
1391;0;4;7;4
1392;0;5;10;6
1393;0;6;10;5
1394;0;5;5;1
1395;0;7;7;6
1396;0;6;7;2
1397;0;6;8;3
1398;0;6;7;2
1399;0;5;8;4
1400;0;4;6;3
1401;0;5;6;2
1402;0;5;7;3
1403;0;5;7;3
1404;0;6;8;3
1405;0;5;8;4
1406;0;7;8;2
1407;0;6;7;2
1408;0;6;7;2
1409;0;7;8;2
1410;0;6;8;3
1411;0;7;8;2
1412;0;7;10;4
1413;0;7;9;3
1414;0;6;9;4
1415;0;7;9;3
1416;0;7;8;2
1417;0;7;8;2
1418;0;6;8;3
1419;0;6;9;4
1420;0;9;10;2
1421;0;5;8;4
1422;0;6;7;2
1423;0;7;8;2
1424;0;7;8;2
1425;0;6;9;4
1426;0;6;10;5
1427;0;6;9;4
1428;0;6;9;4
1429;0;5;8;4
1430;0;6;9;4
1431;0;6;8;3
1432;0;4;5;2
1433;0;7;10;4
1434;0;7;9;3
1435;0;7;8;2
1436;0;9;11;3
1437;0;7;8;2
1438;0;6;8;3
1439;0;5;7;3
1440;0;5;6;2
1441;0;6;10;5
1442;0;8;10;3
1443;0;10;12;3
1444;0;7;8;2
1445;0;7;8;2
1446;0;7;9;3
1447;0;3;5;3
1448;0;12;5;6
1449;0;3;4;2
1450;0;7;8;2
1451;0;6;6;1
1452;0;3;4;2
1453;0;7;8;2
1454;0;7;9;3
1455;0;6;9;4
1456;0;6;7;2
1457;0;6;10;5
1458;0;7;9;3
1459;0;5;7;3
1460;0;7;8;2
1461;0;5;6;2
1462;0;7;8;2
1463;0;6;8;3
1464;0;6;7;2
1465;0;7;8;2
1466;0;6;7;2
1467;0;6;7;2
1468;0;6;7;2
1469;0;7;8;2
1470;0;6;7;2
1471;0;7;8;2
1472;0;6;8;3
1473;0;6;6;1
1474;0;6;6;1
1475;0;5;7;3
1476;0;7;8;2
1477;0;6;8;3
1478;0;7;8;2
1479;0;7;8;2
1480;0;5;7;3
1481;0;7;8;2
1482;0;7;8;2
1483;0;6;8;3
1484;0;5;8;4
1485;0;6;7;2
1486;0;7;8;2
1489;0;7;8;2
1490;0;6;6;1
1491;0;7;8;2
1493;0;6;7;2
1494;0;7;8;2
1495;0;5;7;3
1496;0;7;8;2
1497;0;5;6;2
1498;0;7;8;2
1499;0;6;7;2
1500;0;5;7;3
1502;0;7;8;2
1503;0;6;6;1
1504;0;6;6;1
1505;0;5;6;2
1506;0;6;6;1
1507;0;6;7;2
1508;0;7;10;4
1509;0;5;9;5
1510;0;6;7;2
1511;0;5;7;3
1512;0;7;8;2
1513;0;7;8;2
1514;0;5;7;3
1515;0;7;9;3
1516;0;6;7;2
1517;0;6;8;3
1518;0;7;7;1
1519;0;6;6;1
1520;0;7;8;2
1521;0;6;8;3
1522;0;6;6;1
1523;0;6;8;3
1524;0;7;9;3
1525;0;7;9;3
1526;0;6;7;2
1527;0;7;8;2
1528;0;7;8;2
1529;0;6;6;1
1530;0;6;8;3
1532;0;6;8;3
1533;0;5;8;4
1534;0;6;8;3
1535;0;8;10;3
1537;0;5;6;2
1538;0;5;6;2
1539;0;7;8;2
1540;0;5;6;2
1541;0;8;10;3
1542;0;7;8;2
1543;0;6;7;2
1544;0;5;6;2
1545;0;6;7;2
1546;0;5;7;3
1547;0;7;8;2
1548;0;6;6;1
1549;0;5;8;4
1550;0;6;6;1
1551;0;7;8;2
1552;0;7;8;2
1553;0;6;8;3
1554;0;7;8;2
1555;0;5;7;3
1556;0;7;8;2
1557;0;7;8;2
1558;0;6;6;1
1559;0;5;6;2
1560;0;8;9;2
1561;0;7;8;2
1562;0;7;8;2
1563;2;5;10;6
1564;0;6;7;2
1565;0;6;6;1
1566;0;5;8;4
1567;0;7;8;2
1569;0;6;6;1
1570;0;7;8;2
1571;0;7;9;3
1572;0;7;8;2
1573;0;5;6;2
1574;0;5;7;3
1575;0;8;10;3
1576;0;7;8;2
1577;0;7;10;4
1578;0;7;8;2
1579;0;7;8;2
1580;0;6;7;2
1581;0;7;8;2
1582;0;7;8;2
1583;0;8;10;3
1585;0;5;7;3
1586;0;6;6;1
1587;0;5;6;2
1588;0;6;7;2
1589;0;7;8;2
1590;0;7;8;2
1592;0;5;7;3
1593;0;7;8;2
1594;0;7;8;2
1595;0;6;6;1
1596;0;8;8;1
1597;0;7;8;2
1598;0;6;6;1
1599;0;7;9;3
1600;0;7;8;2
1601;0;6;6;1
1602;0;7;10;4
1603;0;7;8;2
1604;0;7;8;2
1605;0;7;8;2
1606;0;7;9;3
1607;0;6;8;3
1608;0;6;7;2
1609;0;6;7;2
1610;0;6;6;1
1611;0;5;7;3
1612;0;5;7;3
1613;0;4;5;2
1614;0;4;6;3
1615;0;5;6;2
1616;0;5;6;2
1617;0;5;7;3
1618;0;3;5;3
1619;0;5;8;4
1620;0;5;10;6
1621;0;6;8;3
1622;0;6;8;3
1623;0;3;5;3
1624;0;5;7;3
1625;0;6;8;3
1626;0;6;7;2
1627;0;6;8;3
1628;0;6;7;2
1629;0;5;7;3
1630;0;6;10;5
1631;0;6;7;2
1632;0;5;7;3
1633;0;6;9;4
1634;0;3;5;3
1635;0;5;7;3
1636;0;7;8;2
1637;0;7;10;4
1638;0;5;8;4
1639;0;5;5;1
1640;0;4;5;2
1641;0;7;8;2
1642;0;6;8;3
1643;0;7;8;2
1644;0;4;5;2
1645;0;8;8;1
1646;0;6;10;5
1647;0;6;7;2
1648;0;8;9;2
1649;0;7;8;2
1650;0;6;10;5
1651;0;7;8;2
1652;0;7;8;2
1653;0;6;8;3
1654;0;7;8;2
1655;0;7;9;3
1656;0;7;8;2
1658;2;6;10;5
1659;0;5;8;4
1660;0;6;9;4
1661;0;7;9;3
1662;0;7;10;4
1663;0;5;8;4
1664;0;6;7;2
1665;0;6;8;3
1666;0;5;6;2
1667;0;7;9;3
1668;0;7;10;4
1669;0;7;8;2
1670;0;7;8;2
1671;0;6;9;4
1672;0;7;9;3
1673;0;6;10;5
1674;0;7;8;2
1675;0;7;9;3
1676;0;7;8;2
1677;0;7;9;3
1678;0;6;7;2
1679;0;6;10;5
1680;0;4;5;2
1681;0;5;6;2
1682;0;5;6;2
1683;0;5;6;2
1684;0;5;6;2
1685;0;4;5;2
1686;0;5;6;2
1687;0;5;6;2
1688;0;5;6;2
1690;0;5;6;2
1691;0;6;7;2
1692;0;5;7;3
1693;0;7;9;3
1694;0;7;9;3
1695;0;7;10;4
1696;0;8;10;3
1697;0;7;8;2
1698;0;6;8;3
1699;0;7;9;3
1700;0;7;9;3
1701;0;5;5;1
1702;0;7;9;3
1703;0;7;8;2
1704;0;7;8;2
1705;0;7;9;3
1706;0;7;9;3
1707;0;7;8;2
1708;0;5;8;4
1709;0;7;9;3
1710;0;6;9;4
1711;0;7;8;2
1712;0;5;7;3
1713;0;6;8;3
1714;0;6;8;3
1715;0;6;8;3
1716;0;6;8;3
1717;0;6;7;2
1718;0;6;8;3
1719;0;7;9;3
1720;0;7;8;2
1721;0;6;9;4
1722;0;5;9;5
1723;0;5;8;4
1724;0;6;8;3
1725;0;6;8;3
1726;0;7;8;2
1727;0;7;8;2
1728;0;6;8;3
1729;0;6;9;4
1730;0;7;8;2
1731;0;7;8;2
1732;0;4;5;2
1733;0;4;5;2
1734;0;7;8;2
1735;0;7;9;3
1736;0;6;7;2
1737;0;6;8;3
1738;0;5;5;1
1739;0;7;10;4
1740;0;7;10;4
1741;0;7;8;2
1742;0;6;9;4
1743;0;5;9;5
1744;0;7;8;2
1745;0;7;8;2
1746;0;8;10;3
1747;0;7;10;4
1748;0;5;6;2
1749;0;5;7;3
1750;0;6;7;2
1751;0;6;7;2
1752;0;5;6;2
1753;0;5;6;2
1754;0;5;6;2
1755;0;7;9;3
1756;0;7;8;2
1757;0;7;9;3
1758;0;7;8;2
1759;0;7;8;2
1760;0;7;8;2
1761;0;7;8;2
1762;2;4;10;7
1763;2;4;11;8
1764;0;5;9;5
1765;0;3;10;8
1766;0;4;9;6
1767;2;3;10;8
1768;0;6;7;2
1769;0;6;9;4
1770;0;3;6;4
1771;0;4;5;2
1772;0;5;6;2
1773;0;7;8;2
1774;0;7;8;2
1775;0;6;8;3
1776;0;7;8;2
1778;0;3;5;3
1779;0;6;7;2
1780;0;5;7;3
1781;0;7;8;2
1782;0;6;8;3
1783;0;6;8;3
1784;0;6;8;3
1785;0;7;8;2
1786;0;4;6;3
1787;0;6;7;2
1788;0;5;7;3
1789;0;6;8;3
1790;0;7;8;2
1791;0;5;6;2
1792;0;6;8;3
1793;0;5;6;2
1795;0;7;8;2
1796;0;6;8;3
1797;0;4;5;2
1798;0;7;10;4
1799;0;7;8;2
1800;0;5;7;3
1801;0;5;7;3
1802;0;8;10;3
1803;0;6;7;2
1804;0;6;8;3
1805;0;6;8;3
1806;0;4;6;3
1807;0;5;6;2
1808;0;6;7;2
1809;0;6;6;1
1810;0;6;7;2
1811;0;7;9;3
1812;0;7;9;3
1813;0;6;10;5
1814;0;5;6;2
1815;0;7;8;2
1816;0;7;8;2
1817;0;7;9;3
1818;0;6;9;4
1819;0;7;8;2
1820;0;5;6;2
1821;0;5;7;3
1822;0;6;8;3
1823;0;5;6;2
1824;0;5;7;3
1825;0;5;7;3
1826;0;5;6;2
1827;0;5;10;6
1828;0;5;7;3
1829;0;5;8;4
1831;0;9;10;2
1832;0;7;8;2
1833;0;7;9;3
1834;0;6;10;5
1835;0;6;10;5
1836;0;5;6;2
1837;0;2;4;3
1838;0;6;8;3
1839;0;7;8;2
1840;0;6;8;3
1841;0;7;8;2
1842;0;6;7;2
1843;0;6;7;2
1844;0;6;7;2
1845;0;5;7;3
1846;0;8;9;2
1847;0;6;10;5
1848;0;6;7;2
1849;0;7;9;3
1850;0;6;10;5
1851;0;6;10;5
1852;0;7;8;2
1853;0;5;8;4
1854;0;6;10;5
1855;0;8;9;2
1856;0;8;9;2
1857;0;6;8;3
1858;0;5;7;3
1859;0;6;7;2
1860;0;6;7;2
1861;0;6;8;3
1862;0;5;7;3
1863;0;6;8;3
1864;0;6;8;3
1865;0;6;7;2
1866;0;6;7;2
1867;0;5;7;3
1868;0;6;7;2
1869;0;5;7;3
1870;0;5;6;2
1871;0;5;7;3
1872;0;5;8;4
1873;0;7;8;2
1874;0;7;8;2
1875;0;6;11;6
1876;0;6;7;2
1877;0;6;8;3
1878;0;5;10;6
1879;0;6;8;3
1880;0;6;8;3
1881;0;8;9;2
1882;0;5;7;3
1883;0;5;6;2
1884;0;5;6;2
1885;0;5;6;2
1886;0;6;8;3
1887;0;5;6;2
1888;0;5;6;2
1889;0;4;5;2
1890;0;6;8;3
1891;0;6;8;3
1892;0;6;8;3
1893;0;6;7;2
1894;0;7;8;2
1895;0;4;6;3
1896;0;5;7;3
1897;0;4;7;4
1898;0;6;9;4
1899;0;6;9;4
1900;0;6;8;3
1901;0;5;8;4
1902;0;6;8;3
1903;0;6;8;3
1904;0;3;4;2
1905;0;5;6;2
1906;0;6;7;2
1907;0;4;5;2
1908;0;4;5;2
1909;0;6;7;2
1910;0;6;7;2
1911;0;6;7;2
1912;0;4;5;2
1913;0;6;8;3
1914;0;4;5;2
1915;0;4;5;2
1916;0;6;8;3
1917;0;6;8;3
1918;0;5;6;2
1919;0;6;8;3
1920;0;5;7;3
1921;0;5;7;3
1922;0;6;9;4
1923;0;6;9;4
1924;0;7;10;4
1925;0;8;10;3
1926;0;8;9;2
1927;0;7;8;2
1928;0;7;9;3
1929;0;7;9;3
1930;0;5;8;4
1931;0;5;7;3
1932;0;6;8;3
1933;0;5;7;3
1934;0;6;8;3
1935;0;7;9;3
1936;0;7;9;3
1937;0;4;6;3
1938;0;5;6;2
1939;0;6;7;2
1940;0;4;5;2
1941;0;5;5;1
1942;0;6;10;5
1943;0;6;10;5
1944;0;6;10;5
1945;0;6;9;4
1946;0;6;10;5
1947;0;7;9;3
1948;0;7;8;2
1949;0;6;8;3
1950;0;9;10;2
1951;0;6;8;3
1952;0;5;8;4
1953;0;7;8;2
1954;0;4;10;7
1955;0;4;6;3
1956;0;6;9;4
1957;0;5;10;6
1958;0;5;6;2
1959;0;5;6;2
1960;0;6;9;4
1961;0;6;9;4
1962;0;6;9;4
1963;0;5;9;5
1965;0;6;9;4
1966;0;6;9;4
1967;0;6;6;1
1968;0;6;6;1
1969;0;5;6;2
1970;0;5;6;2
1971;0;6;6;1
1972;0;5;6;2
1974;0;6;9;4
1975;0;7;9;3
1976;0;7;9;3
1977;0;6;7;2
1978;0;6;9;4
1979;0;6;8;3
1980;0;5;6;2
1981;0;7;10;4
1982;0;6;10;5
1983;0;7;9;3
1984;0;7;9;3
1985;0;7;9;3
1986;0;7;9;3
1987;0;7;9;3
1988;0;7;9;3
1989;0;7;9;3
1990;0;7;9;3
1991;0;6;7;2
1992;0;7;9;3
1993;0;7;9;3
1994;0;7;8;2
1995;0;7;8;2
1996;0;7;9;3
1997;0;5;6;2
1998;0;6;10;5
1999;0;4;5;2
2000;0;4;5;2
2001;0;5;6;2
2002;0;5;6;2
2003;0;3;5;3
2004;0;5;7;3
2005;0;6;10;5
2006;0;5;7;3
2007;0;6;10;5
2008;0;6;8;3
2009;0;6;8;3
2010;0;7;8;2
2011;0;7;8;2
2012;0;5;7;3
2013;0;7;8;2
2014;0;7;8;2
2015;0;5;8;4
2016;0;6;8;3
2017;0;5;8;4
2018;0;5;7;3
2019;0;7;10;4
2020;0;6;8;3
2021;0;5;9;5
2022;0;5;7;3
2023;0;4;5;2
2024;0;7;9;3
2025;0;7;9;3
2026;0;7;9;3
2027;0;5;7;3
2028;0;6;7;2
2029;0;6;7;2
2030;0;6;8;3
2031;0;3;5;3
2032;0;4;5;2
2033;0;5;6;2
2034;0;4;5;2
2035;0;5;6;2
2036;0;5;7;3
2037;0;7;8;2
2038;0;7;9;3
2039;0;4;9;6
2040;0;5;7;3
2041;0;6;8;3
2042;0;4;6;3
2043;0;5;8;4
2044;0;5;9;5
2045;0;6;7;2
2046;0;4;6;3
2047;0;4;5;2
2048;0;4;6;3
2049;0;3;6;4
2050;0;5;7;3
2051;0;6;9;4
2052;0;4;6;3
2053;0;4;5;2
2054;0;6;8;3
2055;0;6;8;3
2056;0;6;7;2
2057;0;7;8;2
2058;0;6;8;3
2059;0;6;7;2
2060;0;6;8;3
2061;0;6;8;3
2062;0;6;8;3
2063;0;4;5;2
2064;0;3;4;2
2065;0;4;5;2
2066;0;5;6;2
2067;0;7;8;2
2068;0;5;10;6
2069;0;5;10;6
2071;0;5;6;2
2072;0;7;9;3
2073;0;7;8;2
2074;0;7;8;2
2075;0;5;7;3
2076;0;7;10;4
2077;0;6;9;4
2078;0;6;9;4
2079;0;7;9;3
2080;0;6;8;3
2081;0;6;8;3
2082;0;6;8;3
2083;0;6;8;3
2084;0;7;7;1
2085;0;5;8;4
2086;0;6;7;2
2087;0;6;8;3
2088;0;7;8;2
2090;0;6;8;3
2091;0;6;8;3
2092;0;5;6;2
2093;0;5;7;3
2094;0;7;10;4
2095;0;5;7;3
2096;0;7;9;3
2097;0;6;8;3
2098;0;6;7;2
2099;0;6;8;3
2100;0;6;7;2
2101;0;7;9;3
2102;0;6;7;2
2103;0;5;7;3
2104;0;7;9;3
2105;0;6;8;3
2106;0;7;8;2
2107;0;6;8;3
2108;0;7;8;2
2110;0;7;9;3
2111;0;7;8;2
2112;0;6;8;3
2113;0;7;8;2
2114;0;7;9;3
2115;0;7;8;2
2116;0;7;8;2
2117;0;7;9;3
2118;0;7;8;2
2119;0;7;10;4
2120;0;7;8;2
2121;0;6;9;4
2122;0;7;8;2
2123;0;7;9;3
2124;0;7;8;2
2125;0;7;8;2
2126;0;7;8;2
2127;0;7;8;2
2128;0;7;8;2
2129;0;7;8;2
2130;0;7;8;2
2131;0;7;8;2
2132;0;7;9;3
2133;0;7;9;3
2134;0;7;8;2
2135;0;6;8;3
2136;0;7;9;3
2137;0;7;8;2
2138;0;7;9;3
2139;0;7;9;3
2140;0;7;9;3
2141;0;7;9;3
2142;0;7;9;3
2143;0;7;8;2
2144;0;7;8;2
2145;0;7;9;3
2146;0;6;9;4
2147;0;7;9;3
2148;0;6;8;3
2149;0;7;9;3
2150;0;4;5;2
2151;0;4;5;2
2152;0;6;7;2
2153;0;7;8;2
2154;0;5;7;3
2155;0;6;7;2
2156;0;5;7;3
2157;0;6;7;2
2158;0;6;7;2
2159;0;7;8;2
2160;0;5;6;2
2161;0;6;7;2
2162;0;5;6;2
2163;0;4;5;2
2164;0;5;6;2
2165;0;5;6;2
2166;0;4;5;2
2167;0;6;7;2
2168;0;5;6;2
2169;0;5;6;2
2170;0;4;6;3
2171;0;4;5;2
2172;0;6;7;2
2173;0;5;6;2
2174;0;5;6;2
2175;0;6;7;2
2176;0;5;6;2
2177;0;5;6;2
2178;0;7;8;2
2179;0;7;9;3
2180;0;6;8;3
2181;0;4;5;2
2182;0;4;5;2
2183;0;4;5;2
2185;0;6;7;2
2186;0;5;7;3
2187;0;4;5;2
2188;0;5;6;2
2189;0;6;8;3
2190;0;6;7;2
2191;0;6;7;2
2192;0;6;7;2
2193;0;6;7;2
2194;0;6;7;2
2195;0;6;7;2
2196;0;5;7;3
2197;0;5;8;4
2198;0;5;7;3
2199;0;6;7;2
2200;0;6;8;3
2201;0;5;6;2
2202;0;6;7;2
2203;0;6;7;2
2204;0;6;7;2
2205;0;6;7;2
2206;0;7;8;2
2207;0;5;6;2
2208;0;6;7;2
2209;0;6;8;3
2210;0;6;7;2
2211;0;6;7;2
2212;0;6;7;2
2213;0;4;5;2
2214;0;6;9;4
2216;0;7;10;4
2217;0;6;10;5
2218;0;6;6;1
2219;0;6;8;3
2220;0;6;8;3
2221;0;7;8;2
2222;0;6;7;2
2223;0;4;5;2
2224;0;5;7;3
2225;0;5;6;2
2226;0;5;6;2
2227;0;7;8;2
2228;0;7;9;3
2229;0;7;10;4
2230;0;5;7;3
2231;0;5;7;3
2232;0;5;7;3
2233;0;5;7;3
2234;0;5;7;3
2235;0;7;8;2
2236;0;6;8;3
2237;0;6;7;2
2238;0;6;8;3
2239;0;6;10;5
2240;0;6;10;5
2241;0;5;11;7
2242;0;5;6;2
2243;0;7;9;3
2245;0;7;9;3
2246;0;7;9;3
2247;0;4;5;2
2248;0;7;8;2
2249;0;6;8;3
2250;0;6;8;3
2251;0;5;8;4
2252;0;7;8;2
2253;0;6;8;3
2254;0;7;8;2
2255;0;5;7;3
2256;0;6;8;3
2257;0;6;8;3
2258;0;5;6;2
2259;0;7;9;3
2260;0;4;5;2
2261;0;4;5;2
2262;0;4;5;2
2263;0;4;5;2
2264;0;4;4;1
2265;0;6;7;2
2266;0;6;10;5
2267;0;6;9;4
2268;0;6;7;2
2269;0;7;9;3
2270;0;6;8;3
2271;0;7;9;3
2272;0;7;9;3
2273;0;7;8;2
2274;0;7;8;2
2275;0;7;8;2
2276;0;6;10;5
2277;0;6;7;2
2278;0;6;9;4
2279;0;6;9;4
2280;0;6;9;4
2281;0;7;8;2
2282;0;5;7;3
2283;0;7;8;2
2284;0;5;6;2
2285;0;6;8;3
2286;0;7;8;2
2287;0;5;7;3
2288;0;6;7;2
2289;0;6;8;3
2290;0;7;8;2
2291;0;6;7;2
2292;0;7;9;3
2293;0;7;9;3
2294;0;7;8;2
2295;0;5;8;4
2296;0;5;7;3
2297;0;6;9;4
2298;0;7;8;2
2299;0;5;7;3
2300;0;6;9;4
2301;0;7;8;2
2302;0;5;7;3
2303;0;6;9;4
2304;0;7;9;3
2305;0;4;6;3
2306;0;4;6;3
2307;0;7;8;2
2308;0;7;10;4
2309;0;7;9;3
2310;0;6;9;4
2311;0;7;9;3
2312;0;6;7;2
2313;0;7;9;3
2314;0;4;6;3
2315;0;5;6;2
2316;0;5;6;2
2317;0;6;7;2
2318;0;5;7;3
2319;0;5;6;2
2320;0;4;5;2
2321;0;5;6;2
2322;0;6;7;2
2323;0;5;7;3
2324;0;5;7;3
2325;0;5;7;3
2326;0;6;9;4
2327;0;5;8;4
2328;0;6;9;4
2329;0;6;10;5
2330;0;5;10;6
2331;0;6;10;5
2332;0;7;10;4
2333;0;5;9;5
2334;0;6;8;3
2335;0;6;8;3
2336;0;5;7;3
2337;0;5;7;3
2338;0;5;5;1
2339;0;6;7;2
2340;0;6;8;3
2341;0;5;6;2
2342;0;1;12;12
2343;0;5;7;3
2344;0;5;6;2
2345;0;6;8;3
2346;0;6;7;2
2347;0;6;7;2
2348;0;7;8;2
2349;0;5;6;2
2350;0;6;7;2
2351;0;7;8;2
2352;0;6;7;2
2353;0;6;7;2
2354;0;5;6;2
2355;0;6;7;2
2356;0;4;6;3
2357;0;6;7;2
2358;0;5;7;3
2359;0;6;7;2
2360;0;7;9;3
2361;0;7;10;4
2362;0;7;10;4
2363;0;7;10;4
2364;0;6;7;2
2365;0;5;6;2
2366;0;4;6;3
2367;0;4;6;3
2368;0;4;6;3
2369;0;5;6;2
2370;0;5;9;5
2371;0;5;8;4
2372;0;5;6;2
2373;0;5;6;2
2374;0;5;6;2
2375;0;6;9;4
2376;0;7;11;5
2377;0;5;11;7
2378;0;5;7;3
2379;0;7;10;4
2380;0;7;9;3
2381;0;7;10;4
2382;0;7;10;4
2383;0;7;10;4
2384;0;7;9;3
2385;0;8;9;2
2386;0;7;10;4
2387;0;6;8;3
2388;0;9;10;2
2389;0;8;9;2
2391;0;4;10;7
2392;0;8;9;2
2393;0;7;8;2
2394;0;7;9;3
2395;0;8;9;2
2396;0;3;4;2
2397;0;4;4;1
2398;0;3;4;2
2399;0;3;4;2
2400;0;4;4;1
2401;0;3;4;2
2402;0;6;9;4
2403;0;6;8;3
2404;0;6;8;3
2405;0;6;9;4
2406;0;6;8;3
2407;0;7;8;2
2408;0;5;9;5
2409;0;6;7;2
2410;0;6;8;3
2411;0;6;7;2
2413;0;6;8;3
2414;0;6;8;3
2415;0;6;8;3
2416;0;6;8;3
2417;0;6;8;3
2418;0;6;8;3
2419;0;6;8;3
2420;0;6;7;2
2421;0;6;9;4
2422;0;7;8;2
2423;0;6;7;2
2424;0;6;7;2
2426;0;6;7;2
2427;0;6;7;2
2430;0;4;6;3
2431;0;7;9;3
2432;0;5;8;4
2433;0;6;10;5
2434;0;6;9;4
2435;0;7;8;2
2436;0;7;9;3
2437;0;6;8;3
2438;0;5;7;3
2439;0;6;7;2
2440;0;5;8;4
2441;0;6;9;4
2442;0;4;6;3
2443;0;3;5;3
2444;0;5;8;4
2445;0;6;9;4
2446;0;5;7;3
2447;0;3;5;3
2448;0;6;10;5
2449;0;4;6;3
2450;0;6;10;5
2451;0;6;7;2
2453;0;4;5;2
2454;0;6;7;2
2455;0;6;8;3
2457;0;5;7;3
2459;0;3;5;3
2460;0;6;10;5
2461;0;5;7;3
2463;0;5;9;5
2464;0;7;8;2
2465;0;4;6;3
2466;0;5;7;3
2467;0;3;5;3
2468;0;5;7;3
2469;0;4;7;4
2470;0;7;8;2
2471;0;4;6;3
2472;0;2;5;4
2474;0;6;8;3
2475;0;6;8;3
2476;0;6;9;4
2477;0;3;4;2
2478;0;4;5;2
2479;0;4;5;2
2481;0;6;10;5
2482;0;5;10;6
2483;0;6;8;3
2484;0;6;8;3
2485;0;6;8;3
2486;0;4;5;2
2487;0;7;8;2
2488;0;7;9;3
2489;0;7;10;4
2490;0;8;10;3
2491;0;7;10;4
2492;0;6;9;4
2493;0;7;9;3
2494;0;7;8;2
2495;0;3;5;3
2496;0;3;5;3
2497;0;4;5;2
2498;0;3;5;3
2499;0;3;5;3
2500;0;3;5;3
2502;0;5;8;4
2503;0;5;8;4
2504;0;4;5;2
2505;0;4;5;2
2506;0;4;6;3
2507;0;4;5;2
2508;0;6;7;2
2509;0;6;7;2
2510;0;6;7;2
2511;0;6;7;2
2512;0;4;5;2
2513;0;4;5;2
2514;0;4;4;1
2515;0;5;5;1
2516;0;5;5;1
2517;0;5;5;1
2518;0;5;5;1
2521;0;7;8;2
2523;0;5;7;3
2524;0;5;9;5
2527;0;6;9;4
2529;0;4;9;6
2531;0;5;7;3
2534;0;5;9;5
2537;0;5;7;3
2538;0;4;6;3
2541;0;5;8;4
2545;0;3;5;3
2546;0;5;9;5
2547;0;6;8;3
2548;0;7;8;2
2549;0;5;9;5
2551;0;6;9;4
2553;0;6;8;3
2554;0;5;6;2
2557;0;5;7;3
2559;0;6;8;3
2566;0;4;9;6
2570;0;3;6;4
2574;0;6;8;3
2575;0;5;9;5
2576;0;5;9;5
2579;0;5;7;3
2580;0;5;7;3
2581;0;5;7;3
2582;0;5;8;4
2590;0;5;8;4
2591;0;6;8;3
2597;0;5;8;4
2598;0;6;10;5
2599;0;5;7;3
2604;0;5;9;5
2605;0;3;5;3
2606;0;5;7;3
2609;0;6;10;5
2610;0;5;6;2
2611;0;6;8;3
2612;0;6;10;5
2613;0;6;9;4
2614;0;5;9;5
2615;0;6;9;4
2616;0;7;9;3
2617;0;7;9;3
2618;0;7;9;3
2619;0;8;9;2
2620;0;5;6;2
2621;0;6;7;2
2622;0;4;5;2
2623;0;4;5;2
2624;0;5;8;4
2625;0;5;9;5
2626;0;6;9;4
2627;0;5;9;5
2628;0;6;8;3
2629;0;5;8;4
2630;0;5;7;3
2631;0;6;8;3
2632;0;5;6;2
2633;0;6;7;2
2635;0;6;7;2
2636;0;7;8;2
2637;0;6;7;2
2638;0;4;5;2
2639;0;4;6;3
2640;0;4;5;2
2641;0;4;6;3
2642;0;4;5;2
2643;0;4;5;2
2644;0;4;5;2
2645;0;4;5;2
2646;0;5;6;2
2647;0;6;7;2
2648;0;5;8;4
2649;0;5;9;5
2650;0;6;8;3
2651;0;6;9;4
2652;0;5;8;4
2653;0;5;9;5
2654;0;6;7;2
2655;0;6;7;2
2656;0;6;7;2
2657;0;6;7;2
2658;0;5;7;3
2659;0;6;7;2
2660;0;6;7;2
2661;0;6;7;2
2662;0;6;7;2
2663;0;6;7;2
2664;0;6;7;2
2665;0;6;7;2
2666;0;5;7;3
2667;0;5;6;2
2668;0;6;7;2
2669;0;6;7;2
2670;0;6;7;2
2671;0;5;6;2
2672;0;6;7;2
2673;0;6;7;2
2674;0;5;6;2
2675;0;6;7;2
2676;0;6;7;2
2677;0;6;7;2
2678;0;6;7;2
2679;0;5;6;2
2680;0;6;7;2
2681;0;6;7;2
2682;0;7;8;2
2683;0;7;8;2
2685;0;7;8;2
2686;0;6;7;2
2687;0;5;6;2
2688;0;7;8;2
2690;0;6;7;2
2691;0;5;6;2
2693;0;7;8;2
2694;0;7;8;2
2695;0;6;7;2
2696;0;6;7;2
2697;0;7;8;2
2698;0;7;8;2
2699;0;7;8;2
2703;0;5;6;2
2704;0;7;8;2
2705;0;5;6;2
2707;0;6;7;2
2710;0;7;8;2
2712;0;6;8;3
2714;0;5;7;3
2715;0;6;8;3
2716;0;5;6;2
2718;0;5;6;2
2721;0;6;8;3
2722;0;7;8;2
2725;0;7;8;2
2726;0;5;6;2
2728;0;7;8;2
2730;0;7;8;2
2732;0;7;8;2
2734;0;6;7;2
2736;0;6;7;2
2737;0;7;8;2
2739;0;5;6;2
2740;0;5;6;2
2743;0;7;8;2
2744;0;5;6;2
2745;0;5;6;2
2746;0;7;8;2
2749;0;5;6;2
2752;0;5;6;2
2754;0;7;8;2
2755;0;6;6;1
2756;0;6;8;3
2757;0;7;8;2
2758;0;5;6;2
2760;0;7;8;2
2763;0;7;8;2
2764;0;6;7;2
2765;0;7;8;2
2766;0;7;8;2
2770;0;5;6;2
2771;0;6;7;2
2772;0;5;6;2
2773;0;6;7;2
2774;0;5;6;2
2776;0;6;7;2
2779;0;7;8;2
2780;0;7;8;2
2781;0;5;6;2
2784;0;6;6;1
2785;0;6;8;3
2787;0;7;8;2
2789;0;7;8;2
2791;0;7;8;2
2795;0;7;7;1
2796;0;6;7;2
2797;0;6;7;2
2798;0;7;8;2
2799;0;7;8;2
2800;0;7;8;2
2801;0;7;8;2
2802;0;5;6;2
2803;0;7;8;2
2806;0;5;6;2
2812;0;7;8;2
2813;0;5;6;2
2817;0;7;8;2
2819;0;5;7;3
2821;0;7;8;2
2822;0;6;8;3
2823;0;5;6;2
2825;0;7;8;2
2828;0;6;7;2
2829;0;5;6;2
2830;0;6;7;2
2831;0;7;8;2
2835;0;5;6;2
2837;0;7;8;2
2838;0;7;8;2
2839;0;7;8;2
2840;0;5;6;2
2841;0;7;8;2
2842;0;7;8;2
2844;0;7;8;2
2845;0;6;8;3
2846;0;5;6;2
2850;0;5;6;2
2851;0;7;8;2
2852;0;7;8;2
2853;0;7;8;2
2854;0;5;6;2
2855;0;7;8;2
2859;0;7;8;2
2860;0;7;8;2
2861;0;7;8;2
2862;0;7;8;2
2863;0;6;7;2
2868;0;5;6;2
2871;0;7;8;2
2872;0;7;8;2
2873;0;5;6;2
2874;0;6;7;2
2876;0;5;6;2
2877;0;7;8;2
2878;0;6;7;2
2881;0;7;8;2
2882;0;5;7;3
2883;0;5;7;3
2884;0;5;6;2
2885;0;7;8;2
2886;0;7;8;2
2889;0;7;7;1
2890;0;5;7;3
2893;0;6;7;2
2894;0;7;8;2
2895;0;5;6;2
2896;0;5;6;2
2899;0;7;8;2
2900;0;7;8;2
2901;0;5;6;2
2902;0;7;8;2
2903;0;7;7;1
2904;0;7;8;2
2906;0;5;6;2
2911;0;5;6;2
2912;0;6;7;2
2913;0;7;8;2
2915;0;6;7;2
2917;0;7;8;2
2918;0;6;7;2
2920;0;5;6;2
2921;0;7;7;1
2923;0;7;8;2
2926;0;7;8;2
2928;0;7;8;2
2929;0;7;8;2
2932;0;7;8;2
2933;0;7;8;2
2936;0;7;8;2
2937;0;5;6;2
2939;0;7;8;2
2941;0;6;7;2
2942;0;5;7;3
2945;0;7;8;2
2947;0;7;8;2
2949;0;6;8;3
2951;0;7;8;2
2952;0;5;6;2
2953;0;6;7;2
2956;0;7;9;3
2957;0;6;7;2
2958;0;6;7;2
2959;0;5;6;2
2960;0;7;8;2
2962;0;6;8;3
2964;0;7;8;2
2966;0;7;8;2
2967;0;5;6;2
2968;0;6;7;2
2971;0;6;7;2
2972;0;7;8;2
2973;0;7;8;2
2974;0;6;7;2
2976;0;6;7;2
2978;0;6;7;2
2979;0;5;6;2
2980;0;7;8;2
2981;0;6;7;2
2982;0;5;6;2
2983;0;7;8;2
2984;0;5;6;2
2985;0;7;7;1
2986;0;5;6;2
2987;0;5;6;2
2989;0;7;8;2
2990;0;5;6;2
2992;0;7;9;3
2993;0;7;8;2
2994;0;5;7;3
2995;0;5;7;3
2996;0;6;8;3
2997;0;7;8;2
2998;0;6;8;3
2999;0;7;8;2
3000;0;6;8;3
3001;0;7;8;2
3002;0;7;8;2
3003;0;7;9;3
3004;0;7;9;3
3005;0;7;8;2
3006;0;7;9;3
3007;0;7;8;2
3008;0;5;7;3
3009;0;5;7;3
3010;0;6;8;3
3011;0;5;8;4
3012;0;7;8;2
3013;0;7;8;2
3014;0;6;9;4
3016;0;6;10;5
3017;0;6;10;5
3018;0;6;8;3
3019;0;4;7;4
3020;0;5;8;4
3021;0;5;9;5
3022;0;6;8;3
3023;0;5;9;5
3024;0;6;8;3
3025;0;6;8;3
3026;0;6;8;3
3027;0;8;9;2
3028;0;6;8;3
3029;0;8;10;3
3030;0;8;10;3
3031;0;8;10;3
3032;0;3;4;2
3033;0;4;5;2
3034;0;6;7;2
3035;0;4;5;2
3036;0;4;5;2
3037;0;6;7;2
3038;0;6;7;2
3039;0;3;4;2
3040;0;3;4;2
3041;0;3;4;2
3042;0;4;5;2
3043;0;4;5;2
3044;0;3;5;3
3045;0;5;6;2
3046;0;5;7;3
3047;0;6;8;3
3048;0;4;5;2
3049;0;4;5;2
3050;0;5;6;2
3051;0;3;4;2
3052;0;4;6;3
3053;0;7;8;2
3054;0;7;8;2
3055;0;4;5;2
3056;0;7;8;2
3057;0;4;5;2
3058;0;4;5;2
3059;0;3;4;2
3060;0;6;7;2
3063;0;3;4;2
3067;0;3;4;2
3069;0;4;5;2
3070;0;3;4;2
3071;0;3;4;2
3072;0;7;9;3
3073;0;7;10;4
3074;0;6;8;3
3075;0;7;10;4
3076;0;6;7;2
3077;0;5;7;3
3078;0;5;8;4
3079;0;6;9;4
3080;0;8;10;3
3081;0;6;7;2
3082;0;6;7;2
3083;0;4;5;2
3084;0;6;10;5
3085;0;5;8;4
3086;0;6;9;4
3087;0;5;6;2
3088;0;4;10;7
3089;0;6;9;4
3090;0;5;6;2
3092;0;7;9;3
3093;0;7;9;3
3094;0;7;9;3
3095;0;7;8;2
3096;0;6;9;4
3097;0;6;8;3
3098;0;7;9;3
3100;0;7;8;2
3101;0;6;8;3
3102;0;6;9;4
3103;0;4;9;6
3104;0;5;6;2
3105;0;7;9;3
3106;0;6;8;3
3107;0;6;7;2
3108;0;2;6;5
3109;0;6;7;2
3110;0;5;7;3
3111;0;6;9;4
3112;0;5;8;4
3113;0;4;6;3
3114;0;6;8;3
3115;0;7;10;4
3116;0;7;11;5
3117;0;7;11;5
3118;0;7;9;3
3119;0;7;10;4
3120;0;5;7;3
3121;0;5;6;2
3122;0;5;7;3
3123;0;6;8;3
3124;0;8;10;3
3125;0;7;8;2
3126;0;7;9;3
3127;0;6;7;2
3128;0;6;7;2
3131;0;5;6;2
3132;0;6;7;2
3133;0;4;5;2
3134;0;3;4;2
3135;0;3;4;2
3136;0;7;9;3
3137;0;6;8;3
3138;0;5;7;3
3139;0;6;7;2
3140;0;6;7;2
3141;0;5;7;3
3142;0;4;10;7
3143;0;5;9;5
3144;0;4;7;4
3145;0;4;5;2
3146;0;4;7;4
3147;0;6;7;2
3148;0;4;5;2
3149;0;6;8;3
3150;0;5;6;2
3151;0;5;7;3
3152;0;5;6;2
3153;0;6;8;3
3154;0;6;8;3
3155;0;6;9;4
3156;0;6;9;4
3157;0;6;9;4
3158;0;5;7;3
3159;0;6;7;2
3160;0;6;9;4
3161;0;6;8;3
3162;0;7;9;3
3163;0;6;8;3
3164;0;6;9;4
3165;0;6;8;3
3166;0;6;8;3
3167;0;6;8;3
3168;0;6;7;2
3169;0;6;8;3
3170;0;6;8;3
3171;0;6;7;2
3172;0;7;9;3
3173;0;6;8;3
3174;0;6;8;3
3175;0;6;7;2
3176;0;6;8;3
3178;0;6;8;3
3179;0;7;8;2
3180;0;7;9;3
3182;0;6;7;2
3185;0;6;7;2
3186;0;7;9;3
3187;0;7;8;2
3188;0;7;9;3
3189;0;7;9;3
3192;0;7;9;3
3193;0;7;9;3
3194;0;7;8;2
3195;0;7;9;3
3196;0;6;7;2
3197;0;7;8;2
3198;0;7;10;4
3199;0;7;9;3
3200;0;5;7;3
3201;0;7;9;3
3202;0;5;6;2
3203;0;6;8;3
3204;0;7;12;6
3205;0;5;6;2
3206;0;7;9;3
3207;0;7;9;3
3208;0;7;8;2
3209;0;5;6;2
3210;0;5;8;4
3211;0;8;9;2
3212;0;7;9;3
3213;0;6;8;3
3214;2;5;11;7
3215;2;6;10;5
3216;2;2;11;10
3217;0;7;9;3
3218;0;7;9;3
3219;0;7;9;3
3220;0;7;8;2
3221;0;7;9;3
3222;0;3;5;3
3223;0;7;9;3
3224;0;6;10;5
3225;0;7;10;4
3226;0;6;9;4
3227;0;6;9;4
3228;0;6;10;5
3229;0;6;10;5
3230;0;6;8;3
3231;0;8;9;2
3232;0;6;9;4
3233;0;6;9;4
3234;0;6;9;4
3235;0;6;8;3
3236;0;6;7;2
3237;0;6;7;2
3238;0;6;8;3
3239;0;4;9;6
3240;0;6;8;3
3241;0;5;7;3
3242;0;6;9;4
3243;0;6;9;4
3244;0;5;7;3
3245;0;6;9;4
3246;0;5;8;4
3247;0;5;8;4
3248;0;6;9;4
3249;0;7;8;2
3250;0;7;9;3
3251;0;5;7;3
3252;0;5;9;5
3253;0;7;8;2
3254;0;6;7;2
3255;2;6;10;5
3256;0;5;7;3
3257;0;5;6;2
3258;0;5;8;4
3259;0;6;8;3
3260;0;5;10;6
3261;0;6;7;2
3262;0;6;7;2
3263;0;7;8;2
3264;0;5;8;4
3265;0;5;6;2
3266;0;7;8;2
3267;0;6;7;2
3268;0;6;10;5
3269;0;6;8;3
3270;0;6;10;5
3271;0;6;10;5
3272;0;6;10;5
3273;0;6;9;4
3274;0;7;10;4
3275;0;6;10;5
3276;0;4;7;4
3277;0;5;7;3
3278;0;5;6;2
3279;0;5;6;2
3280;0;5;6;2
3281;0;8;10;3
3282;0;8;9;2
3283;0;7;10;4
3284;0;7;10;4
3285;0;7;10;4
3286;0;6;10;5
3287;0;6;10;5
3288;0;7;9;3
3289;0;6;8;3
3290;0;5;6;2
3291;0;5;6;2
3292;0;5;6;2
3295;0;6;7;2
3296;0;5;6;2
3298;0;5;5;1
3300;0;5;5;1
3302;0;5;6;2
3304;0;5;5;1
3305;0;5;6;2
3306;0;5;6;2
3307;0;5;5;1
3311;0;5;6;2
3314;0;7;9;3
3315;0;6;8;3
3316;0;6;7;2
3317;0;6;8;3
3318;0;7;8;2
3319;0;7;11;5
3320;0;9;10;2
3321;0;7;10;4
3322;0;6;10;5
3323;0;4;6;3
3324;0;4;5;2
3325;0;6;10;5
3326;0;7;9;3
3327;0;5;9;5
3328;0;5;9;5
3329;0;6;7;2
3330;0;6;8;3
3331;0;5;7;3
3332;0;6;8;3
3333;0;7;8;2
3334;0;5;6;2
3335;0;6;7;2
3336;0;7;9;3
3337;0;6;10;5
3339;0;7;8;2
3340;0;8;10;3
3341;0;5;6;2
3343;0;7;9;3
3344;0;6;10;5
3345;0;7;10;4
3346;0;6;8;3
3347;0;6;9;4
3348;0;6;10;5
3349;0;6;9;4
3350;0;6;9;4
3351;0;5;6;2
3352;0;5;7;3
3353;0;7;8;2
3354;0;5;7;3
3355;0;4;5;2
3356;0;6;8;3
3357;2;1;12;12
3358;0;4;7;4
3359;0;5;9;5
3360;0;3;5;3
3361;0;5;7;3
3362;0;6;6;1
3363;0;7;8;2
3364;0;5;6;2
3365;0;5;6;2
3366;0;5;6;2
3367;0;5;6;2
3369;0;5;6;2
3370;0;5;8;4
3371;0;6;7;2
3372;0;7;9;3
3373;0;6;7;2
3374;0;7;9;3
3375;0;6;9;4
3376;0;6;8;3
3377;0;7;8;2
3378;0;6;8;3
3379;0;4;5;2
3380;0;5;7;3
3381;0;4;5;2
3382;0;6;9;4
3383;0;4;5;2
3384;0;5;6;2
3385;0;7;8;2
3386;0;7;9;3
3387;0;6;8;3
3388;0;6;8;3
3389;0;7;8;2
3390;0;6;8;3
3391;0;7;9;3
3392;0;6;9;4
3393;0;4;6;3
3394;2;3;10;8
3395;0;4;6;3
3396;0;5;7;3
3397;0;3;5;3
3398;0;4;5;2
3399;0;6;8;3
3400;0;7;8;2
3401;0;5;6;2
3402;0;7;9;3
3403;0;7;8;2
3404;0;7;9;3
3405;0;7;8;2
3406;0;7;9;3
3407;0;5;7;3
3408;0;6;7;2
3409;0;6;7;2
3410;0;5;8;4
3411;0;5;6;2
3412;0;6;7;2
3413;0;7;9;3
3414;0;6;7;2
3415;0;6;9;4
3416;0;5;6;2
3417;0;6;7;2
3418;0;6;7;2
3419;0;5;7;3
3420;0;4;6;3
3421;0;4;8;5
3422;0;4;6;3
3424;0;4;5;2
3425;0;3;6;4
3426;0;6;9;4
3427;0;4;4;1
3428;0;7;8;2
3429;0;6;8;3
3430;0;5;7;3
3431;0;6;10;5
3432;0;6;8;3
3433;0;5;10;6
3434;0;6;7;2
3435;0;6;6;1
3436;0;6;7;2
3437;0;6;7;2
3438;0;7;8;2
3439;0;6;9;4
3440;0;6;8;3
3441;0;7;8;2
3442;0;6;8;3
3443;0;4;5;2
3444;0;6;8;3
3445;0;5;7;3
3446;0;5;7;3
3447;0;5;7;3
3448;0;6;7;2
3449;0;5;7;3
3450;0;6;7;2
3451;0;7;8;2
3452;0;6;7;2
3454;0;5;7;3
3455;0;6;9;4
3456;0;6;8;3
3457;0;6;9;4
3458;0;6;7;2
3459;0;7;8;2
3460;0;6;9;4
3461;0;5;9;5
3462;0;6;9;4
3463;0;5;9;5
3464;0;6;8;3
3465;0;6;8;3
3466;0;6;7;2
3467;0;5;7;3
3468;0;5;7;3
3469;0;6;7;2
3470;0;6;7;2
3471;0;6;9;4
3472;0;5;9;5
3473;0;4;6;3
3474;0;5;6;2
3475;0;6;7;2
3476;0;5;7;3
3477;0;7;8;2
3478;0;6;7;2
3479;0;7;8;2
3480;0;6;8;3
3481;0;6;8;3
3482;0;6;7;2
3483;0;6;7;2
3484;0;4;6;3
3485;0;6;10;5
3486;0;6;11;6
3487;0;7;8;2
3488;0;5;6;2
3489;0;7;8;2
3490;0;6;7;2
3491;0;5;6;2
3492;0;6;10;5
3493;0;6;9;4
3494;0;4;5;2
3495;0;4;5;2
3496;0;6;8;3
3497;0;3;4;2
3498;0;7;8;2
3499;0;7;8;2
3500;0;6;8;3
3501;0;5;6;2
3502;0;6;8;3
3503;0;5;6;2
3504;0;3;4;2
3505;0;3;4;2
3506;0;3;4;2
3507;0;3;4;2
3508;0;7;10;4
3509;0;7;8;2
3510;0;6;10;5
3511;0;6;9;4
3512;0;6;8;3
3513;0;7;9;3
3514;0;7;8;2
3515;0;6;8;3
3516;0;7;8;2
3517;0;7;8;2
3518;0;6;8;3
3519;0;6;8;3
3521;0;4;8;5
3522;0;5;7;3
3523;0;5;8;4
3525;0;5;6;2
3526;0;4;7;4
3527;0;5;8;4
3528;0;5;6;2
3529;0;6;8;3
3530;0;5;6;2
3531;0;6;8;3
3532;0;7;8;2
3533;0;4;7;4
3534;0;6;8;3
3535;0;5;6;2
3536;0;4;5;2
3537;0;5;6;2
3538;0;6;8;3
3539;0;4;5;2
3540;0;4;5;2
3541;0;4;5;2
3542;0;6;9;4
3543;0;6;6;1
3544;0;6;8;3
3545;0;6;8;3
3546;0;7;9;3
3547;0;6;8;3
3548;0;6;9;4
3549;0;7;8;2
3550;0;5;7;3
3551;0;7;8;2
3553;0;7;9;3
3554;0;7;9;3
3555;0;4;6;3
3556;2;4;10;7
3557;0;7;8;2
3558;0;5;10;6
3559;0;6;10;5
3560;0;6;8;3
3561;0;4;6;3
3562;2;3;10;8
3563;0;5;7;3
3564;0;5;8;4
3565;0;7;8;2
3566;0;6;10;5
3567;0;5;7;3
3568;0;4;5;2
3569;0;3;6;4
3570;0;6;8;3
3571;0;6;7;2
3572;0;3;5;3
3573;0;5;7;3
3574;0;5;6;2
3575;0;6;8;3
3576;0;3;10;8
3577;0;5;6;2
3578;2;1;12;12
3579;2;3;10;8
3580;0;3;5;3
3581;0;4;7;4
3582;0;6;9;4
3583;0;5;9;5
3584;0;5;7;3
3585;0;3;5;3
3586;0;6;8;3
3587;0;4;5;2
3588;0;4;6;3
3589;0;5;6;2
3590;0;5;7;3
3591;0;6;8;3
3592;0;6;7;2
3593;0;6;8;3
3595;0;6;8;3
3596;0;6;8;3
3597;0;6;7;2
3598;0;5;6;2
3599;0;6;7;2
3600;0;4;6;3
3601;0;6;7;2
3602;0;6;6;1
3603;0;5;6;2
3604;0;5;7;3
3605;0;7;8;2
3606;0;5;7;3
3607;0;6;7;2
3608;0;6;8;3
3609;0;5;7;3
3610;0;5;6;2
3611;0;6;8;3
3612;0;6;8;3
3613;0;6;7;2
3614;0;6;9;4
3615;0;4;5;2
3616;0;5;8;4
3617;0;3;4;2
3618;0;4;5;2
3619;2;4;10;7
3620;0;5;8;4
3621;0;6;8;3
3622;0;6;7;2
3623;0;5;6;2
3624;0;4;5;2
3625;0;5;7;3
3626;0;5;6;2
3627;0;5;10;6
3628;0;4;5;2
3629;0;4;5;2
3630;0;4;6;3
3631;0;5;6;2
3632;0;3;4;2
3633;0;5;6;2
3634;0;5;6;2
3635;0;4;5;2
3636;0;3;5;3
3637;0;4;6;3
3638;0;5;6;2
3639;0;5;6;2
3640;0;6;7;2
3641;0;3;4;2
3642;0;4;9;6
3643;0;3;4;2
3646;0;4;10;7
3647;0;7;8;2
3648;0;7;8;2
3649;0;2;5;4
3650;0;3;5;3
3651;0;6;7;2
3652;0;6;8;3
3653;0;4;6;3
3654;0;6;10;5
3655;0;4;6;3
3656;0;6;9;4
3658;0;7;8;2
3659;0;7;8;2
3660;0;7;8;2
3661;0;6;7;2
3663;0;8;10;3
3664;0;8;10;3
3665;0;8;9;2
3666;0;7;10;4
3667;0;5;9;5
3668;0;6;9;4
3669;0;6;8;3
3672;0;4;5;2
3673;0;5;6;2
3675;0;5;5;1
3676;0;4;5;2
3677;0;9;10;2
3678;0;8;10;3
3679;0;6;8;3
3683;0;6;8;3
